panel,method,maf_bin,n_markers,concordance,conc_ci_low,conc_ci_high,r2,frac_below_0.9
5000,knn,"[0.01,0.05)",4446,0.949877,0.949415,0.950336,0.282397,0.008097
5000,knn,"[0.05,0.10)",4338,0.877192,0.876534,0.877830,0.312073,0.776395
5000,knn,"[0.10,0.20)",8816,0.772927,0.772233,0.773615,0.312867,1.000000
5000,knn,"[0.20,0.30)",9302,0.669203,0.668550,0.669805,0.320290,1.000000
5000,knn,"[0.30,0.50]",18472,0.578189,0.577770,0.578656,0.319822,1.000000
5000,knn,all,45436,0.700069,0.698878,0.701098,0.314081,0.880227
5000,mean_baseline,"[0.01,0.05)",4446,0.946399,0.945923,0.946996,,0.015744
5000,mean_baseline,"[0.05,0.10)",4338,0.862887,0.862168,0.863629,,0.879899
5000,mean_baseline,"[0.10,0.20)",8816,0.729015,0.727977,0.729859,,1.000000
5000,mean_baseline,"[0.20,0.30)",9302,0.495218,0.493501,0.497163,,1.000000
5000,mean_baseline,"[0.30,0.50]",18472,0.458466,0.458061,0.458835,,1.000000
5000,mean_baseline,all,45436,0.605549,0.604190,0.606933,,0.890857
20000,knn,"[0.01,0.05)",2985,0.950245,0.949655,0.950711,0.285290,0.009045
20000,knn,"[0.05,0.10)",2911,0.877370,0.876500,0.878161,0.316132,0.780488
20000,knn,"[0.10,0.20)",5917,0.773108,0.772364,0.773914,0.314586,1.000000
20000,knn,"[0.20,0.30)",6251,0.669894,0.669141,0.670712,0.322781,1.000000
20000,knn,"[0.30,0.50]",12330,0.578901,0.578366,0.579401,0.320595,1.000000
20000,knn,all,30436,0.700860,0.699794,0.701785,0.315901,0.880438
20000,mean_baseline,"[0.01,0.05)",2985,0.946689,0.946012,0.947441,,0.014070
20000,mean_baseline,"[0.05,0.10)",2911,0.862508,0.861587,0.863295,,0.884919
20000,mean_baseline,"[0.10,0.20)",5917,0.728766,0.727604,0.729925,,1.000000
20000,mean_baseline,"[0.20,0.30)",6251,0.495085,0.492393,0.497298,,1.000000
20000,mean_baseline,"[0.30,0.50]",12330,0.458605,0.458070,0.459076,,1.000000
20000,mean_baseline,all,30436,0.605833,0.604098,0.607584,,0.890919
