panel,call_rate,accuracy,confidence_threshold
ref,0.0002777777777777778,1.0,1.0
ref,0.005277777777777778,1.0,1.0
ref,0.010277777777777778,1.0,1.0
ref,0.015277777777777777,1.0,1.0
ref,0.020277777777777777,1.0,1.0
ref,0.025277777777777777,1.0,1.0
ref,0.03027777777777778,1.0,1.0
ref,0.035277777777777776,1.0,1.0
ref,0.04027777777777778,1.0,1.0
ref,0.04527777777777778,1.0,1.0
ref,0.050277777777777775,1.0,1.0
ref,0.05527777777777778,1.0,1.0
ref,0.06027777777777778,1.0,1.0
ref,0.06527777777777778,1.0,1.0
ref,0.07027777777777777,1.0,1.0
ref,0.07527777777777778,1.0,1.0
ref,0.08027777777777778,1.0,1.0
ref,0.08527777777777777,1.0,1.0
ref,0.09027777777777778,1.0,0.9999999999682958
ref,0.09527777777777778,1.0,0.9999999999680049
ref,0.10027777777777777,1.0,0.9999999999678345
ref,0.10527777777777778,1.0,0.99999999996768
ref,0.11027777777777778,1.0,0.9999999999676233
ref,0.11527777777777778,1.0,0.9999999999675899
ref,0.12027777777777778,1.0,0.9999999999675239
ref,0.12527777777777777,1.0,0.9999999999674212
ref,0.13027777777777777,1.0,0.999999999967358
ref,0.13527777777777777,1.0,0.9999999999672885
ref,0.14027777777777778,1.0,0.999999999967266
ref,0.14527777777777778,1.0,0.9999999999671857
ref,0.1502777777777778,1.0,0.9999999999671594
ref,0.15527777777777776,1.0,0.9999999999671125
ref,0.16027777777777777,1.0,0.9999999999670671
ref,0.16527777777777777,1.0,0.999999999967035
ref,0.17027777777777778,1.0,0.9999999999670031
ref,0.17527777777777778,1.0,0.9999999999669761
ref,0.1802777777777778,1.0,0.9999999999669533
ref,0.1852777777777778,1.0,0.9999999999669015
ref,0.19027777777777777,1.0,0.9999999999668778
ref,0.19527777777777777,1.0,0.9999999999668275
ref,0.20027777777777778,1.0,0.999999999966777
ref,0.20527777777777778,1.0,0.9999999999667433
ref,0.21027777777777779,1.0,0.999999999966724
ref,0.2152777777777778,1.0,0.9999999999666743
ref,0.22027777777777777,1.0,0.9999999999666449
ref,0.22527777777777777,1.0,0.9999999999666139
ref,0.23027777777777778,1.0,0.9999999999665808
ref,0.23527777777777778,1.0,0.9999999999665482
ref,0.24027777777777778,1.0,0.999999999966501
ref,0.2452777777777778,1.0,0.9999999999664719
ref,0.25027777777777777,1.0,0.9999999999664252
ref,0.25527777777777777,1.0,0.9999999999664028
ref,0.2602777777777778,1.0,0.999999999966361
ref,0.2652777777777778,1.0,0.9999999999662956
ref,0.2702777777777778,1.0,0.9999999999662649
ref,0.2752777777777778,1.0,0.9999999999662401
ref,0.2802777777777778,1.0,0.9999999999661943
ref,0.2852777777777778,1.0,0.9999999999661455
ref,0.2902777777777778,1.0,0.9999999999660991
ref,0.29527777777777775,1.0,0.9999999999660583
ref,0.30027777777777775,1.0,0.9999999999660094
ref,0.30527777777777776,1.0,0.9999999999659441
ref,0.31027777777777776,1.0,0.9999999999659156
ref,0.31527777777777777,1.0,0.9999999999658417
ref,0.3202777777777778,1.0,0.9999999999657648
ref,0.3252777777777778,1.0,0.99999999996567
ref,0.3302777777777778,1.0,0.9999999999655802
ref,0.3352777777777778,1.0,0.9999999999654967
ref,0.3402777777777778,1.0,0.9999999999653807
ref,0.3452777777777778,1.0,0.9999999999651583
ref,0.3502777777777778,1.0,0.9999999999645103
ref,0.3552777777777778,1.0,0.9999999999356455
ref,0.36027777777777775,1.0,0.9999999999351545
ref,0.36527777777777776,1.0,0.9999999999346671
ref,0.37027777777777776,1.0,0.9999999999340605
ref,0.37527777777777777,1.0,0.9999999999337461
ref,0.38027777777777777,1.0,0.9999999999330511
ref,0.3852777777777778,1.0,0.9999999999315372
ref,0.3902777777777778,1.0,0.9949757869929649
ref,0.3952777777777778,1.0,0.9948157132079272
ref,0.4002777777777778,1.0,0.9947609355070609
ref,0.4052777777777778,1.0,0.9947138834545114
ref,0.4102777777777778,1.0,0.9946801287664131
ref,0.4152777777777778,1.0,0.9946392157630582
ref,0.42027777777777775,1.0,0.9945673443193077
ref,0.42527777777777775,1.0,0.9944821758069696
ref,0.43027777777777776,1.0,0.9896288405325908
ref,0.43527777777777776,1.0,0.9894293463833833
ref,0.44027777777777777,1.0,0.9893120555759864
ref,0.4452777777777778,1.0,0.9892279074037793
ref,0.4502777777777778,1.0,0.9890532736434462
ref,0.4552777777777778,1.0,0.9842084693949172
ref,0.4602777777777778,1.0,0.9840323782206004
ref,0.4652777777777778,1.0,0.9837596072134055
ref,0.4702777777777778,1.0,0.9790134077471815
ref,0.4752777777777778,1.0,0.9786035307639084
ref,0.4802777777777778,1.0,0.9737098120530879
ref,0.48527777777777775,1.0,0.9733862449427346
ref,0.49027777777777776,1.0,0.972952968073556
ref,0.49527777777777776,1.0,0.9679516089694358
ref,0.5002777777777778,1.0,0.9673140716175677
ref,0.5052777777777778,1.0,0.9628422213024431
ref,0.5102777777777778,1.0,0.9621957324581951
ref,0.5152777777777777,1.0,0.9579189876044489
ref,0.5202777777777777,1.0,0.9569156756877346
ref,0.5252777777777777,1.0,0.95199907465589
ref,0.5302777777777777,1.0,0.9506923227905204
ref,0.5352777777777777,1.0,0.9465857840122368
ref,0.5402777777777777,1.0,0.9425559773058955
ref,0.5452777777777778,1.0,0.9396797022753643
ref,0.5502777777777778,1.0,0.9351263514332173
ref,0.5552777777777778,1.0,0.9298815858999119
ref,0.5602777777777778,1.0,0.9249625606707058
ref,0.5652777777777778,1.0,0.9205631114660312
ref,0.5702777777777778,1.0,0.9179021648458608
ref,0.5752777777777778,1.0,0.9137405568657544
ref,0.5802777777777778,1.0,0.9054346491271583
ref,0.5852777777777778,1.0,0.9003397819060153
ref,0.5902777777777778,1.0,0.8960587119086368
ref,0.5952777777777778,1.0,0.8915737080894559
ref,0.6002777777777778,1.0,0.8860732388071789
ref,0.6052777777777778,1.0,0.8771607136849741
ref,0.6102777777777778,1.0,0.8722871772538957
ref,0.6152777777777778,1.0,0.8666912357653234
ref,0.6202777777777778,1.0,0.8581541553005498
ref,0.6252777777777778,1.0,0.8504714806999568
ref,0.6302777777777778,1.0,0.8446165406382801
ref,0.6352777777777778,1.0,0.8373423839637091
ref,0.6402777777777777,1.0,0.8284661370076484
ref,0.6452777777777777,1.0,0.8233901655215763
ref,0.6502777777777777,1.0,0.8188038875447788
ref,0.6552777777777777,1.0,0.8143607091188841
ref,0.6602777777777777,1.0,0.8082422218655345
ref,0.6652777777777777,1.0,0.8016811628853103
ref,0.6702777777777778,1.0,0.7959609268910836
ref,0.6752777777777778,1.0,0.7866892632255496
ref,0.6802777777777778,1.0,0.7811376892399297
ref,0.6852777777777778,1.0,0.7734273222704685
ref,0.6902777777777778,1.0,0.7648606205794308
ref,0.6952777777777778,1.0,0.7581420190552663
ref,0.7002777777777778,1.0,0.7516996744702945
ref,0.7052777777777778,1.0,0.7436753457317974
ref,0.7102777777777778,1.0,0.7339157468093858
ref,0.7152777777777778,1.0,0.7257082620265524
ref,0.7202777777777778,1.0,0.7188423916802852
ref,0.7252777777777778,1.0,0.7098061657496004
ref,0.7302777777777778,1.0,0.7036011657610857
ref,0.7352777777777778,1.0,0.6969772415211016
ref,0.7402777777777778,1.0,0.689068521855798
ref,0.7452777777777778,1.0,0.6790878154368111
ref,0.7502777777777778,1.0,0.6723537161947652
ref,0.7552777777777778,1.0,0.6645902885348505
ref,0.7602777777777778,1.0,0.65772066308737
ref,0.7652777777777777,1.0,0.6506536331066858
ref,0.7702777777777777,1.0,0.644719110148541
ref,0.7752777777777777,1.0,0.6384378716463373
ref,0.7802777777777777,1.0,0.6295670430053159
ref,0.7852777777777777,1.0,0.620527576323324
ref,0.7902777777777777,1.0,0.6128763055792752
ref,0.7952777777777778,0.9996507160321342,0.6029062615145229
ref,0.8002777777777778,0.9996528982992017,0.5952634730487336
ref,0.8052777777777778,0.9996550534667127,0.5890118143126989
ref,0.8102777777777778,0.9996571820363387,0.5827367051633209
ref,0.8152777777777778,0.9996592844974447,0.5704311887823018
ref,0.8202777777777778,0.9996613613274636,0.5582272345517437
ref,0.8252777777777778,0.9996634129922585,0.5447743420082442
ref,0.8302777777777778,0.9996654399464704,0.5298108161331251
ref,0.8352777777777778,0.9996674426338543,0.5213589743204633
ref,0.8402777777777778,0.9996694214876033,0.5096250518895626
ref,0.8452777777777778,0.9996713769306605,0.4942500472580775
ref,0.8502777777777778,0.999673309376021,0.480333710619528
ref,0.8552777777777778,0.9993504384540435,0.46198986073422665
ref,0.8602777777777778,0.998708427510494,0.4336387669926149
ref,0.8652777777777778,0.9983948635634029,0.4112441701891621
ref,0.8702777777777778,0.997765719757421,0.14258497077293475
ref,0.8752777777777778,0.9933354490637892,0.06631004405878915
ref,0.8802777777777778,0.9876932786367939,0.0381372823672852
ref,0.8852777777777778,0.9821148415437716,0.026580678505885746
ref,0.8902777777777777,0.9765990639625585,0.00527046818839727
ref,0.8952777777777777,0.9711448960595719,0.0
ref,0.9002777777777777,0.9657513113236655,0.0
ref,0.9052777777777777,0.960417305922062,0.0
ref,0.9102777777777777,0.9551418980775099,0.0
ref,0.9152777777777777,0.9502276176024279,0.0
ref,0.9202777777777778,0.9450648958647752,0.0
ref,0.9252777777777778,0.9399579705794056,0.0
ref,0.9302777777777778,0.9349059420722604,0.0
ref,0.9352777777777778,0.9299079299079299,0.0
ref,0.9402777777777778,0.9249630723781388,0.0
ref,0.9452777777777778,0.9200705260064649,0.0
ref,0.9502777777777778,0.9152294650686934,0.0
ref,0.9552777777777778,0.9104390811282349,0.0
ref,0.9602777777777778,0.9056985825860573,0.0
ref,0.9652777777777778,0.9010071942446043,0.0
ref,0.9702777777777778,0.896364156885199,0.0
ref,0.9752777777777778,0.8917687268584449,0.0
ref,0.9802777777777778,0.8872201756871635,0.0
ref,0.9852777777777778,0.8827177896814209,0.0
ref,0.9902777777777778,0.8782608695652174,0.0
ref,0.9952777777777778,0.8738487301144292,0.0
65K,0.0002777777777777778,1.0,1.0
65K,0.005277777777777778,1.0,1.0
65K,0.010277777777777778,1.0,1.0
65K,0.015277777777777777,1.0,1.0
65K,0.020277777777777777,1.0,1.0
65K,0.025277777777777777,1.0,1.0
65K,0.03027777777777778,1.0,1.0
65K,0.035277777777777776,1.0,1.0
65K,0.04027777777777778,1.0,1.0
65K,0.04527777777777778,1.0,1.0
65K,0.050277777777777775,1.0,1.0
65K,0.05527777777777778,1.0,1.0
65K,0.06027777777777778,1.0,1.0
65K,0.06527777777777778,1.0,1.0
65K,0.07027777777777777,1.0,1.0
65K,0.07527777777777778,1.0,1.0
65K,0.08027777777777778,1.0,1.0
65K,0.08527777777777777,1.0,1.0
65K,0.09027777777777778,1.0,1.0
65K,0.09527777777777778,1.0,1.0
65K,0.10027777777777777,1.0,1.0
65K,0.10527777777777778,1.0,1.0
65K,0.11027777777777778,1.0,1.0
65K,0.11527777777777778,1.0,0.9999999999700757
65K,0.12027777777777778,1.0,0.9952626006601363
65K,0.12527777777777777,1.0,0.9947484400188673
65K,0.13027777777777777,1.0,0.9939538990223752
65K,0.13527777777777777,1.0,0.9895907981809653
65K,0.14027777777777778,1.0,0.9891881874287848
65K,0.14527777777777778,1.0,0.9872994650022875
65K,0.1502777777777778,1.0,0.9845492879105663
65K,0.15527777777777776,1.0,0.9838665790775867
65K,0.16027777777777777,1.0,0.9803729234612173
65K,0.16527777777777777,1.0,0.9787237748881041
65K,0.17027777777777778,1.0,0.9778461347410619
65K,0.17527777777777778,1.0,0.9737581619667323
65K,0.1802777777777778,1.0,0.972891881764347
65K,0.1852777777777778,1.0,0.9684889438930642
65K,0.19027777777777777,1.0,0.9672961458194317
65K,0.19527777777777777,1.0,0.9634053050064295
65K,0.20027777777777778,1.0,0.9624408983699927
65K,0.20527777777777778,1.0,0.9585808967538382
65K,0.21027777777777779,1.0,0.9569344829803655
65K,0.2152777777777778,1.0,0.9561216739727172
65K,0.22027777777777777,1.0,0.9521198309888697
65K,0.22527777777777777,1.0,0.9509475995850795
65K,0.23027777777777778,1.0,0.9475779878535284
65K,0.23527777777777778,1.0,0.9459209893700458
65K,0.24027777777777778,1.0,0.9419238671454093
65K,0.2452777777777778,1.0,0.9408799110102707
65K,0.25027777777777777,1.0,0.9389670678481935
65K,0.25527777777777777,1.0,0.9360342835117497
65K,0.2602777777777778,1.0,0.9345156088946858
65K,0.2652777777777778,1.0,0.9301432437000718
65K,0.2702777777777778,1.0,0.9290343870539876
65K,0.2752777777777778,1.0,0.9253489445907186
65K,0.2802777777777778,1.0,0.9219631995979836
65K,0.2852777777777778,1.0,0.9186947440959959
65K,0.2902777777777778,1.0,0.9159984448211497
65K,0.29527777777777775,1.0,0.9139642205039312
65K,0.30027777777777775,1.0,0.9113664313411973
65K,0.30527777777777776,1.0,0.908460362638624
65K,0.31027777777777776,1.0,0.905908561508467
65K,0.31527777777777777,1.0,0.9031575377983956
65K,0.3202777777777778,1.0,0.9007659187464016
65K,0.3252777777777778,1.0,0.8975186187388745
65K,0.3302777777777778,1.0,0.894669278956793
65K,0.3352777777777778,1.0,0.8917084748305963
65K,0.3402777777777778,1.0,0.887735978818718
65K,0.3452777777777778,1.0,0.8851586426690135
65K,0.3502777777777778,1.0,0.8817911873422468
65K,0.3552777777777778,1.0,0.8782555788383843
65K,0.36027777777777775,1.0,0.8757544529762248
65K,0.36527777777777776,1.0,0.8704515741177805
65K,0.37027777777777776,1.0,0.86706780403579
65K,0.37527777777777777,1.0,0.8626232858196258
65K,0.38027777777777777,1.0,0.8587546975031375
65K,0.3852777777777778,1.0,0.8545490890234556
65K,0.3902777777777778,1.0,0.8500290902082125
65K,0.3952777777777778,1.0,0.8471012383191744
65K,0.4002777777777778,1.0,0.8429527097587793
65K,0.4052777777777778,1.0,0.8390855472091712
65K,0.4102777777777778,1.0,0.835753618632182
65K,0.4152777777777778,1.0,0.8310086737602372
65K,0.42027777777777775,1.0,0.8277810155408817
65K,0.42527777777777775,1.0,0.8242212846739952
65K,0.43027777777777776,1.0,0.8191889764871992
65K,0.43527777777777776,1.0,0.815311142811277
65K,0.44027777777777777,1.0,0.8083492872596895
65K,0.4452777777777778,1.0,0.8046248681404192
65K,0.4502777777777778,1.0,0.8006134501344265
65K,0.4552777777777778,1.0,0.7975097734883726
65K,0.4602777777777778,1.0,0.7911722043170846
65K,0.4652777777777778,1.0,0.7863459049200658
65K,0.4702777777777778,1.0,0.7833253746302192
65K,0.4752777777777778,1.0,0.7770609785009909
65K,0.4802777777777778,1.0,0.7729450897763261
65K,0.48527777777777775,1.0,0.7675880416825273
65K,0.49027777777777776,1.0,0.762847058761478
65K,0.49527777777777776,1.0,0.7586462517993479
65K,0.5002777777777778,1.0,0.7532164134787617
65K,0.5052777777777778,1.0,0.7450021120567438
65K,0.5102777777777778,1.0,0.7382790027005959
65K,0.5152777777777777,1.0,0.7329892750630174
65K,0.5202777777777777,1.0,0.7295144909799067
65K,0.5252777777777777,1.0,0.7237781371555848
65K,0.5302777777777777,1.0,0.7187050421453562
65K,0.5352777777777777,1.0,0.7141016312376341
65K,0.5402777777777777,1.0,0.7078397289562728
65K,0.5452777777777778,1.0,0.7016894306238901
65K,0.5502777777777778,1.0,0.6942525226648679
65K,0.5552777777777778,0.9994997498749375,0.6867313687345089
65K,0.5602777777777778,0.999008428358949,0.6814841945786785
65K,0.5652777777777778,0.9985257985257985,0.6775335273711826
65K,0.5702777777777778,0.9985387238188017,0.6729185769751597
65K,0.5752777777777778,0.9985514244326412,0.6678991474722743
65K,0.5802777777777778,0.9985639061752034,0.6619479385059546
65K,0.5852777777777778,0.9985761746559089,0.6560329246398362
65K,0.5902777777777778,0.9985882352941177,0.6519044842506332
65K,0.5952777777777778,0.9986000933271115,0.6453241544935793
65K,0.6002777777777778,0.998611753817677,0.638205171665065
65K,0.6052777777777778,0.9986232216613126,0.6294125932532528
65K,0.6102777777777778,0.9986345015930814,0.6234892242157917
65K,0.6152777777777778,0.9981941309255079,0.6168746717172496
65K,0.6202777777777778,0.9982086878638603,0.6099580220041968
65K,0.6252777777777778,0.998223011994669,0.6049029066917835
65K,0.6302777777777778,0.998237108858528,0.5962991201863808
65K,0.6352777777777778,0.9982509838216004,0.586347887754719
65K,0.6402777777777777,0.9973969631236442,0.5816649568840716
65K,0.6452777777777777,0.9969866551872578,0.571888675187967
65K,0.6502777777777777,0.9965826569841948,0.5630493345314842
65K,0.6552777777777777,0.996608732513777,0.5567068150000122
65K,0.6602777777777777,0.9966344131257888,0.5469673559764696
65K,0.6652777777777777,0.9966597077244259,0.5381485845876398
65K,0.6702777777777778,0.9966846249481973,0.5295370889382895
65K,0.6752777777777778,0.9958864664747018,0.522023083915794
65K,0.6802777777777778,0.9959167006941608,0.5123657290261806
65K,0.6852777777777778,0.9943250912038913,0.5023335633048533
65K,0.6902777777777778,0.993963782696177,0.4923269216420134
65K,0.6952777777777778,0.9932081502197363,0.48488207196915717
65K,0.7002777777777778,0.9924633082110274,0.47845769782069836
65K,0.7052777777777778,0.9921228830248129,0.4708594939501332
65K,0.7102777777777778,0.9894407508799374,0.4577902857337428
65K,0.7152777777777778,0.9879611650485437,0.44660875281246737
65K,0.7202777777777778,0.9849595063632858,0.43859338087716493
65K,0.7252777777777778,0.9842972041363462,0.4236487968519471
65K,0.7302777777777778,0.9828832255610498,0.4124578409466524
65K,0.7352777777777778,0.9807329051756706,0.3989375345554736
65K,0.7402777777777778,0.9797373358348969,0.3875900831959554
65K,0.7452777777777778,0.9787551248602311,0.375144344118707
65K,0.7502777777777778,0.9777860051832654,0.3635099689032334
65K,0.7552777777777778,0.9764619345347554,0.3439648286489302
65K,0.7602777777777778,0.9751552795031055,0.3299627551465079
65K,0.7652777777777777,0.9724137931034482,0.3083789862717819
65K,0.7702777777777777,0.9707897583844212,0.27628175328029414
65K,0.7752777777777777,0.9673951988534576,0.23116865297441858
65K,0.7802777777777777,0.9629761480954077,0.15566654895472065
65K,0.7852777777777777,0.9575521754510081,0.12140046657432713
65K,0.7902777777777777,0.9525483304042179,0.09253775923340823
65K,0.7952777777777778,0.946908836884387,0.06758532894677072
65K,0.8002777777777778,0.9409927108642833,0.045802900902732535
65K,0.8052777777777778,0.93515005174198,0.027815651173432876
65K,0.8102777777777778,0.929379499485773,0.016605645767663324
65K,0.8152777777777778,0.9240204429301533,0.010415450969670559
65K,0.8202777777777778,0.9183880799187267,1.3283681967291017e-05
65K,0.8252777777777778,0.9128239649949512,0.0
65K,0.8302777777777778,0.9073268651722984,0.0
65K,0.8352777777777778,0.9018955769870303,0.0
65K,0.8402777777777778,0.8965289256198347,0.0
65K,0.8452777777777778,0.8912257640486362,0.0
65K,0.8502777777777778,0.8859849722312969,0.0
65K,0.8552777777777778,0.880805456316986,0.0
65K,0.8602777777777778,0.8756861478850501,0.0
65K,0.8652777777777778,0.8706260032102728,0.0
65K,0.8702777777777778,0.8656240025534632,0.0
65K,0.8752777777777778,0.8606791494763567,0.0
65K,0.8802777777777778,0.8557904701798674,0.0
65K,0.8852777777777778,0.8509570128647631,0.0
65K,0.8902777777777777,0.8461778471138846,0.0
65K,0.8952777777777777,0.8414520632950667,0.0
65K,0.9002777777777777,0.8367787719839556,0.0
65K,0.9052777777777777,0.8321571034059527,0.0
65K,0.9102777777777777,0.8275862068965517,0.0
65K,0.9152777777777777,0.8230652503793626,0.0
65K,0.9202777777777778,0.8185934198611531,0.0
65K,0.9252777777777778,0.8141699189432603,0.0
65K,0.9302777777777778,0.8097939683487608,0.0
65K,0.9352777777777778,0.8054648054648055,0.0
65K,0.9402777777777778,0.8011816838995569,0.0
65K,0.9452777777777778,0.7972377314134587,0.0
65K,0.9502777777777778,0.7930429698918445,0.0
65K,0.9552777777777778,0.7888921198022681,0.0
65K,0.9602777777777778,0.7847844952270755,0.0
65K,0.9652777777777778,0.7807194244604316,0.0
65K,0.9702777777777778,0.7766962496421415,0.0
65K,0.9752777777777778,0.7727143264027343,0.0
65K,0.9802777777777778,0.7690563899121564,0.0
65K,0.9852777777777778,0.765153650972653,0.0
65K,0.9902777777777778,0.7612903225806451,0.0
65K,0.9952777777777778,0.7574658107730952,0.0
20K,0.0002777777777777778,1.0,1.0
20K,0.005277777777777778,1.0,1.0
20K,0.010277777777777778,1.0,1.0
20K,0.015277777777777777,1.0,1.0
20K,0.020277777777777777,1.0,1.0
20K,0.025277777777777777,1.0,1.0
20K,0.03027777777777778,1.0,1.0
20K,0.035277777777777776,1.0,1.0
20K,0.04027777777777778,1.0,1.0
20K,0.04527777777777778,1.0,1.0
20K,0.050277777777777775,1.0,1.0
20K,0.05527777777777778,1.0,1.0
20K,0.06027777777777778,1.0,1.0
20K,0.06527777777777778,1.0,1.0
20K,0.07027777777777777,1.0,1.0
20K,0.07527777777777778,1.0,1.0
20K,0.08027777777777778,1.0,0.9899009302437761
20K,0.08527777777777777,1.0,0.9821062042314754
20K,0.09027777777777778,1.0,0.9696166491667345
20K,0.09527777777777778,1.0,0.9629594883437151
20K,0.10027777777777777,1.0,0.9561281173389423
20K,0.10527777777777778,1.0,0.9475655286316826
20K,0.11027777777777778,1.0,0.9392039278230286
20K,0.11527777777777778,1.0,0.9328184118643124
20K,0.12027777777777778,1.0,0.9257842284580757
20K,0.12527777777777777,1.0,0.9161639358622049
20K,0.13027777777777777,1.0,0.908108590644957
20K,0.13527777777777777,1.0,0.9021146875346173
20K,0.14027777777777778,1.0,0.8967225052728706
20K,0.14527777777777778,1.0,0.889990904377723
20K,0.1502777777777778,1.0,0.8796746006645234
20K,0.15527777777777776,1.0,0.8719485192950551
20K,0.16027777777777777,1.0,0.8635031408256889
20K,0.16527777777777777,1.0,0.8548601519925928
20K,0.17027777777777778,1.0,0.8507293083654746
20K,0.17527777777777778,1.0,0.8455739445010347
20K,0.1802777777777778,1.0,0.8380173743936286
20K,0.1852777777777778,1.0,0.8345659956508295
20K,0.19027777777777777,0.9985401459854014,0.8300534178739438
20K,0.19527777777777777,0.9985775248933144,0.823780065471315
20K,0.20027777777777778,0.9972260748959778,0.8182788057482243
20K,0.20527777777777778,0.9972936400541272,0.8119456362229202
20K,0.21027777777777779,0.9973579920739762,0.8069597877048208
20K,0.2152777777777778,0.9974193548387097,0.8013330041086603
20K,0.22027777777777777,0.9974779319041615,0.7962645621487348
20K,0.22527777777777777,0.9975339087546239,0.7894283335463415
20K,0.23027777777777778,0.9975874547647768,0.7820877073851176
20K,0.23527777777777778,0.9976387249114522,0.7759583413338103
20K,0.24027777777777778,0.9976878612716763,0.7686631361709843
20K,0.2452777777777778,0.9977349943374858,0.7639435687192667
20K,0.25027777777777777,0.9977802441731409,0.7584879694220429
20K,0.25527777777777777,0.9978237214363439,0.7524716352889773
20K,0.2602777777777778,0.9978655282817502,0.7472178115223662
20K,0.2652777777777778,0.9979057591623036,0.7429358509441045
20K,0.2702777777777778,0.9979445015416238,0.7355447712648115
20K,0.2752777777777778,0.9979818365287588,0.7308023817412244
20K,0.2802777777777778,0.9970267591674926,0.7258167563811795
20K,0.2852777777777778,0.997078870496592,0.7220486334716275
20K,0.2902777777777778,0.9971291866028709,0.7161740775050003
20K,0.29527777777777775,0.9952963311382879,0.7120053142500147
20K,0.30027777777777775,0.9944495837187789,0.7062773149288857
20K,0.30527777777777776,0.9936305732484076,0.6993929354251535
20K,0.31027777777777776,0.9928379588182632,0.6931806939980099
20K,0.31527777777777777,0.9920704845814978,0.6844119974482273
20K,0.3202777777777778,0.9913269731136166,0.6780480899807914
20K,0.3252777777777778,0.9914602903501281,0.6718159306307936
20K,0.3302777777777778,0.990748528174937,0.6669822746873044
20K,0.3352777777777778,0.9900579950289975,0.6613667069361666
20K,0.3402777777777778,0.9893877551020408,0.6535429037193113
20K,0.3452777777777778,0.9887369267900241,0.6489764511532674
20K,0.3502777777777778,0.9865186360031721,0.6425404661855726
20K,0.3552777777777778,0.9867083659108679,0.6368440400598774
20K,0.36027777777777775,0.9845797995373939,0.6296141359767897
20K,0.36527777777777776,0.9847908745247148,0.6236503710103329
20K,0.37027777777777776,0.9842460615153789,0.6178973605669527
20K,0.37527777777777777,0.9837157660991858,0.6125050761796103
20K,0.38027777777777777,0.9817384952520087,0.6069894822399081
20K,0.3852777777777778,0.9805335255948089,0.6036436887852482
20K,0.3902777777777778,0.9800711743772242,0.6009379222443869
20K,0.3952777777777778,0.9789177793394237,0.5931581953272491
20K,0.4002777777777778,0.9764052741151977,0.5882956538172412
20K,0.4052777777777778,0.976010966415353,0.5776118578611279
20K,0.4102777777777778,0.973595125253893,0.5727689855762984
20K,0.4152777777777778,0.9719063545150501,0.5687316606590838
20K,0.42027777777777775,0.9702577660277594,0.5644476870662603
20K,0.42527777777777775,0.968647942521228,0.5595761100820033
20K,0.43027777777777776,0.9677211103938025,0.5495949056456897
20K,0.43527777777777776,0.9649010848755584,0.5417571089987537
20K,0.44027777777777777,0.9615141955835962,0.5354152443166617
20K,0.4452777777777778,0.9594510293200249,0.5284682709357412
20K,0.4502777777777778,0.959284392350401,0.5243228267663442
20K,0.4552777777777778,0.9579011592434411,0.5199883560190315
20K,0.4602777777777778,0.9553409776704889,0.5157872235108409
20K,0.4652777777777778,0.9522388059701492,0.5094786795331868
20K,0.4702777777777778,0.9509746012994684,0.5038505208616538
20K,0.4752777777777778,0.9485680888369374,0.4982195927902475
20K,0.4802777777777778,0.9473684210526315,0.49036709439287346
20K,0.48527777777777775,0.9427590154550658,0.48567329681735716
20K,0.49027777777777776,0.9382436260623229,0.48099310151970587
20K,0.49527777777777776,0.9360628154795289,0.476652400751848
20K,0.5002777777777778,0.9344808439755691,0.4694890143553622
20K,0.5052777777777778,0.9301814183617372,0.46360547655000334
20K,0.5102777777777778,0.9270549809471965,0.45862424471283375
20K,0.5152777777777777,0.9234501347708894,0.45419185654132843
20K,0.5202777777777777,0.9209823812066203,0.4490727220867326
20K,0.5252777777777777,0.9201480698043363,0.44359606720085687
20K,0.5302777777777777,0.9172341540073337,0.43658412091462767
20K,0.5352777777777777,0.9138557343020238,0.4315476413009551
20K,0.5402777777777777,0.9105398457583548,0.42125772021026187
20K,0.5452777777777778,0.9083036169128884,0.4159586150619724
20K,0.5502777777777778,0.9071176173649672,0.41199253973609407
20K,0.5552777777777778,0.9034517258629314,0.4047560947686406
20K,0.5602777777777778,0.9003470500743679,0.3984882384677502
20K,0.5652777777777778,0.8977886977886977,0.3928133011122399
20K,0.5702777777777778,0.8952752070141257,0.38730920372968175
20K,0.5752777777777778,0.8937711250603573,0.38236413252896406
20K,0.5802777777777778,0.8908568693154619,0.37719016570085023
20K,0.5852777777777778,0.8865685809207404,0.3720215459522343
20K,0.5902777777777778,0.8828235294117647,0.367627519281334
20K,0.5952777777777778,0.8810079328044798,0.3634960711986969
20K,0.6002777777777778,0.8782970846830171,0.3574624668829343
20K,0.6052777777777778,0.8751720972923359,0.35117021955082506
20K,0.6102777777777778,0.8716431497496586,0.34581813175931614
20K,0.6152777777777778,0.8695259593679459,0.3414319650310498
20K,0.6202777777777778,0.8660994178235557,0.3364545564875617
20K,0.6252777777777778,0.8627276765881831,0.3309948732130123
20K,0.6302777777777778,0.8607315998237108,0.3260032857771904
20K,0.6352777777777778,0.8565806733712287,0.32049473153260716
20K,0.6402777777777777,0.8542299349240781,0.3150222377829012
20K,0.6452777777777777,0.850624192854068,0.3111758364741545
20K,0.6502777777777777,0.8479282357966681,0.30693341070050395
20K,0.6552777777777777,0.8461212378126325,0.302413776823683
20K,0.6602777777777777,0.8426588136306269,0.29860902318151955
20K,0.6652777777777777,0.8409185803757829,0.2943812418590444
20K,0.6702777777777778,0.8383754662246167,0.2887835442048784
20K,0.6752777777777778,0.8354586589880707,0.2847312060780151
20K,0.6802777777777778,0.8329930583911801,0.27992654353328694
20K,0.6852777777777778,0.8297527361167409,0.27346533922052324
20K,0.6902777777777778,0.8269617706237424,0.2656507084600399
20K,0.6952777777777778,0.8246104674390731,0.26114315026974294
20K,0.7002777777777778,0.8218960729869099,0.2553148619269932
20K,0.7052777777777778,0.8184324537219377,0.25143110017014547
20K,0.7102777777777778,0.8165819319515056,0.241883623359506
20K,0.7152777777777778,0.8147572815533981,0.23078552237941255
20K,0.7202777777777778,0.8106440416505978,0.2231647181927224
20K,0.7252777777777778,0.8062045193412486,0.21462749910032322
20K,0.7302777777777778,0.803347280334728,0.20040702252735512
20K,0.7352777777777778,0.8001511144692104,0.18616757899685166
20K,0.7402777777777778,0.7969981238273921,0.16254497907486637
20K,0.7452777777777778,0.7920238538948938,0.1137370020570394
20K,0.7502777777777778,0.7874861162532395,0.07165844645911301
20K,0.7552777777777778,0.7830084589922766,0.05235469976806928
20K,0.7602777777777778,0.7793204238217026,0.03506596454457456
20K,0.7652777777777777,0.7745916515426498,0.017905782319132868
20K,0.7702777777777777,0.7699242697439596,0.0
20K,0.7752777777777777,0.7649587961304192,0.0
20K,0.7802777777777777,0.7600569597721609,0.0
20K,0.7852777777777777,0.7552175451008136,0.0
20K,0.7902777777777777,0.7504393673110721,0.0
20K,0.7952777777777778,0.7457212713936431,0.0
20K,0.8002777777777778,0.7410621312044429,0.0
20K,0.8052777777777778,0.7364608485684719,0.0
20K,0.8102777777777778,0.7322591703805279,0.0
20K,0.8152777777777778,0.7277683134582623,0.0
20K,0.8202777777777778,0.7233322045377583,0.0
20K,0.8252777777777778,0.7189498485358465,0.0
20K,0.8302777777777778,0.7146202743392439,0.0
20K,0.8352777777777778,0.71034253408713,0.0
20K,0.8402777777777778,0.7064462809917356,0.0
20K,0.8452777777777778,0.7022674991784423,0.0
20K,0.8502777777777778,0.6981378634433192,0.0
20K,0.8552777777777778,0.6943812926274765,0.0
20K,0.8602777777777778,0.6903454956409428,0.0
20K,0.8652777777777778,0.686677367576244,0.0
20K,0.8702777777777778,0.6827322055537823,0.0
20K,0.8752777777777778,0.6788321167883211,0.0
20K,0.8802777777777778,0.6752918901861786,0.0
20K,0.8852777777777778,0.6714778788829621,0.0
20K,0.8902777777777777,0.66801872074883,0.0
20K,0.8952777777777777,0.6642879304995346,0.0
20K,0.9002777777777777,0.6605985806849738,0.0
20K,0.9052777777777777,0.657256827247622,0.0
20K,0.9102777777777777,0.6539517851693623,0.0
20K,0.9152777777777777,0.6503793626707132,0.0
20K,0.9202777777777778,0.6468457591306973,0.0
20K,0.9252777777777778,0.6436505553887721,0.0
20K,0.9302777777777778,0.6401911018214392,0.0
20K,0.9352777777777778,0.6367686367686368,0.0
20K,0.9402777777777778,0.6333825701624816,0.0
20K,0.9452777777777778,0.6300323244196298,0.0
20K,0.9502777777777778,0.6267173341128325,0.0
20K,0.9552777777777778,0.623437045652806,0.0
20K,0.9602777777777778,0.6201909169800405,0.0
20K,0.9652777777777778,0.6169784172661871,0.0
20K,0.9702777777777778,0.6143716003435442,0.0
20K,0.9752777777777778,0.6117915123896326,0.0
20K,0.9802777777777778,0.6089543780107679,0.0
20K,0.9852777777777778,0.6058641105159289,0.0
20K,0.9902777777777778,0.6028050490883591,0.0
20K,0.9952777777777778,0.5997767234161318,0.0
