panel,panel_fraction,n_snps,locus,freq_bin,n_calls,accuracy
参考面板（全部 MHC 位点）,1.0,600,HLA-A,常见 ≥ 5%,682,1.0
参考面板（全部 MHC 位点）,1.0,600,HLA-A,中等 1–5%,472,0.7902542372881356
参考面板（全部 MHC 位点）,1.0,600,HLA-A,稀有 < 1%,46,0.30434782608695654
参考面板（全部 MHC 位点）,1.0,600,HLA-A,全部,1200,0.8908333333333334
参考面板（全部 MHC 位点）,1.0,600,HLA-B,常见 ≥ 5%,557,1.0
参考面板（全部 MHC 位点）,1.0,600,HLA-B,中等 1–5%,439,0.8473804100227791
参考面板（全部 MHC 位点）,1.0,600,HLA-B,稀有 < 1%,204,0.25980392156862747
参考面板（全部 MHC 位点）,1.0,600,HLA-B,全部,1200,0.8183333333333334
参考面板（全部 MHC 位点）,1.0,600,HLA-C,常见 ≥ 5%,667,1.0
参考面板（全部 MHC 位点）,1.0,600,HLA-C,中等 1–5%,477,0.8259958071278826
参考面板（全部 MHC 位点）,1.0,600,HLA-C,稀有 < 1%,56,0.3392857142857143
参考面板（全部 MHC 位点）,1.0,600,HLA-C,全部,1200,0.9
65K 固相面板,0.25,150,HLA-A,常见 ≥ 5%,682,0.9970674486803519
65K 固相面板,0.25,150,HLA-A,中等 1–5%,472,0.5783898305084746
65K 固相面板,0.25,150,HLA-A,稀有 < 1%,46,0.13043478260869565
65K 固相面板,0.25,150,HLA-A,全部,1200,0.7991666666666667
65K 固相面板,0.25,150,HLA-B,常见 ≥ 5%,557,0.9892280071813285
65K 固相面板,0.25,150,HLA-B,中等 1–5%,439,0.5876993166287016
65K 固相面板,0.25,150,HLA-B,稀有 < 1%,204,0.08823529411764706
65K 固相面板,0.25,150,HLA-B,全部,1200,0.6891666666666667
65K 固相面板,0.25,150,HLA-C,常见 ≥ 5%,667,0.9910044977511244
65K 固相面板,0.25,150,HLA-C,中等 1–5%,477,0.5345911949685535
65K 固相面板,0.25,150,HLA-C,稀有 < 1%,56,0.21428571428571427
65K 固相面板,0.25,150,HLA-C,全部,1200,0.7733333333333333
20K 固相面板,0.08,48,HLA-A,常见 ≥ 5%,682,0.8973607038123167
20K 固相面板,0.08,48,HLA-A,中等 1–5%,472,0.2457627118644068
20K 固相面板,0.08,48,HLA-A,稀有 < 1%,46,0.0
20K 固相面板,0.08,48,HLA-A,全部,1200,0.6066666666666667
20K 固相面板,0.08,48,HLA-B,常见 ≥ 5%,557,0.9102333931777379
20K 固相面板,0.08,48,HLA-B,中等 1–5%,439,0.3804100227790433
20K 固相面板,0.08,48,HLA-B,稀有 < 1%,204,0.03431372549019608
20K 固相面板,0.08,48,HLA-B,全部,1200,0.5675
20K 固相面板,0.08,48,HLA-C,常见 ≥ 5%,667,0.9280359820089955
20K 固相面板,0.08,48,HLA-C,中等 1–5%,477,0.24737945492662475
20K 固相面板,0.08,48,HLA-C,稀有 < 1%,56,0.05357142857142857
20K 固相面板,0.08,48,HLA-C,全部,1200,0.6166666666666667
